date,symbol,oldResult,recoveredResult,reason,dataSource,dataQualityStatus,expected,causedByRepairedData,causedByMissingInput
2026-09-04,SWIGGY,NOT PRESENT (no usable original verdict),ACCUMULATION CONFIRMED,Date is after the original report's last recorded verdict (2026-09-03). The original run saw zero-filled delivery (Sep 4-15) or no stored run (Sep 16 onward); this date is recovered from repaired data/market-history.,data/market-history,VERIFIED_CONFIRMATIONS,true,true,false
2026-09-07,COALINDIA,NOT PRESENT (no usable original verdict),ACCUMULATION CONFIRMED,Date is after the original report's last recorded verdict (2026-09-03). The original run saw zero-filled delivery (Sep 4-15) or no stored run (Sep 16 onward); this date is recovered from repaired data/market-history.,data/market-history,VERIFIED_CONFIRMATIONS,true,true,false
2026-09-08,DIVISLAB,NOT PRESENT (no usable original verdict),ACCUMULATION CONFIRMED,Date is after the original report's last recorded verdict (2026-09-03). The original run saw zero-filled delivery (Sep 4-15) or no stored run (Sep 16 onward); this date is recovered from repaired data/market-history.,data/market-history,VERIFIED_CONFIRMATIONS,true,true,false
2026-09-09,TATASTEEL,NOT PRESENT (no usable original verdict),ACCUMULATION CONFIRMED,Date is after the original report's last recorded verdict (2026-09-03). The original run saw zero-filled delivery (Sep 4-15) or no stored run (Sep 16 onward); this date is recovered from repaired data/market-history.,data/market-history,VERIFIED_CONFIRMATIONS,true,true,false
2026-09-09,TVSMOTOR,NOT PRESENT (no usable original verdict),ACCUMULATION CONFIRMED,Date is after the original report's last recorded verdict (2026-09-03). The original run saw zero-filled delivery (Sep 4-15) or no stored run (Sep 16 onward); this date is recovered from repaired data/market-history.,data/market-history,VERIFIED_CONFIRMATIONS,true,true,false
2026-09-09,VBL,NOT PRESENT (no usable original verdict),ACCUMULATION CONFIRMED,Date is after the original report's last recorded verdict (2026-09-03). The original run saw zero-filled delivery (Sep 4-15) or no stored run (Sep 16 onward); this date is recovered from repaired data/market-history.,data/market-history,VERIFIED_CONFIRMATIONS,true,true,false
2026-09-10,HDFCLIFE,NOT PRESENT (no usable original verdict),ACCUMULATION CONFIRMED,Date is after the original report's last recorded verdict (2026-09-03). The original run saw zero-filled delivery (Sep 4-15) or no stored run (Sep 16 onward); this date is recovered from repaired data/market-history.,data/market-history,VERIFIED_CONFIRMATIONS,true,true,false
2026-09-10,HYUNDAI,NOT PRESENT (no usable original verdict),ACCUMULATION CONFIRMED,Date is after the original report's last recorded verdict (2026-09-03). The original run saw zero-filled delivery (Sep 4-15) or no stored run (Sep 16 onward); this date is recovered from repaired data/market-history.,data/market-history,VERIFIED_CONFIRMATIONS,true,true,false
2026-09-10,PETRONET,NOT PRESENT (no usable original verdict),ACCUMULATION CONFIRMED,Date is after the original report's last recorded verdict (2026-09-03). The original run saw zero-filled delivery (Sep 4-15) or no stored run (Sep 16 onward); this date is recovered from repaired data/market-history.,data/market-history,VERIFIED_CONFIRMATIONS,true,true,false
2026-09-11,VBL,NOT PRESENT (no usable original verdict),ACCUMULATION CONFIRMED,Date is after the original report's last recorded verdict (2026-09-03). The original run saw zero-filled delivery (Sep 4-15) or no stored run (Sep 16 onward); this date is recovered from repaired data/market-history.,data/market-history,VERIFIED_CONFIRMATIONS,true,true,false
2026-09-16,ALKEM,NOT PRESENT (no usable original verdict),ACCUMULATION CONFIRMED,Date is after the original report's last recorded verdict (2026-09-03). The original run saw zero-filled delivery (Sep 4-15) or no stored run (Sep 16 onward); this date is recovered from repaired data/market-history.,data/market-history,VERIFIED_CONFIRMATIONS,true,true,false
2026-09-16,GLENMARK,NOT PRESENT (no usable original verdict),ACCUMULATION CONFIRMED,Date is after the original report's last recorded verdict (2026-09-03). The original run saw zero-filled delivery (Sep 4-15) or no stored run (Sep 16 onward); this date is recovered from repaired data/market-history.,data/market-history,VERIFIED_CONFIRMATIONS,true,true,false
2026-09-16,IOC,NOT PRESENT (no usable original verdict),ACCUMULATION CONFIRMED,Date is after the original report's last recorded verdict (2026-09-03). The original run saw zero-filled delivery (Sep 4-15) or no stored run (Sep 16 onward); this date is recovered from repaired data/market-history.,data/market-history,VERIFIED_CONFIRMATIONS,true,true,false
2026-09-16,PHOENIXLTD,NOT PRESENT (no usable original verdict),ACCUMULATION CONFIRMED,Date is after the original report's last recorded verdict (2026-09-03). The original run saw zero-filled delivery (Sep 4-15) or no stored run (Sep 16 onward); this date is recovered from repaired data/market-history.,data/market-history,VERIFIED_CONFIRMATIONS,true,true,false
2026-09-17,ALKEM,NOT PRESENT (no usable original verdict),ACCUMULATION CONFIRMED,Date is after the original report's last recorded verdict (2026-09-03). The original run saw zero-filled delivery (Sep 4-15) or no stored run (Sep 16 onward); this date is recovered from repaired data/market-history.,data/market-history,VERIFIED_CONFIRMATIONS,true,true,false
2026-09-17,BANKINDIA,NOT PRESENT (no usable original verdict),ACCUMULATION CONFIRMED,Date is after the original report's last recorded verdict (2026-09-03). The original run saw zero-filled delivery (Sep 4-15) or no stored run (Sep 16 onward); this date is recovered from repaired data/market-history.,data/market-history,VERIFIED_CONFIRMATIONS,true,true,false
2026-09-17,MANKIND,NOT PRESENT (no usable original verdict),ACCUMULATION CONFIRMED,Date is after the original report's last recorded verdict (2026-09-03). The original run saw zero-filled delivery (Sep 4-15) or no stored run (Sep 16 onward); this date is recovered from repaired data/market-history.,data/market-history,VERIFIED_CONFIRMATIONS,true,true,false
2026-09-17,PRESTIGE,NOT PRESENT (no usable original verdict),ACCUMULATION CONFIRMED,Date is after the original report's last recorded verdict (2026-09-03). The original run saw zero-filled delivery (Sep 4-15) or no stored run (Sep 16 onward); this date is recovered from repaired data/market-history.,data/market-history,VERIFIED_CONFIRMATIONS,true,true,false
2026-09-17,SONACOMS,NOT PRESENT (no usable original verdict),ACCUMULATION CONFIRMED,Date is after the original report's last recorded verdict (2026-09-03). The original run saw zero-filled delivery (Sep 4-15) or no stored run (Sep 16 onward); this date is recovered from repaired data/market-history.,data/market-history,VERIFIED_CONFIRMATIONS,true,true,false
2026-09-18,AMBUJACEM,NOT PRESENT (no usable original verdict),ACCUMULATION CONFIRMED,Date is after the original report's last recorded verdict (2026-09-03). The original run saw zero-filled delivery (Sep 4-15) or no stored run (Sep 16 onward); this date is recovered from repaired data/market-history.,data/market-history,VERIFIED_CONFIRMATIONS,true,true,false
2026-09-18,APLAPOLLO,NOT PRESENT (no usable original verdict),ACCUMULATION CONFIRMED,Date is after the original report's last recorded verdict (2026-09-03). The original run saw zero-filled delivery (Sep 4-15) or no stored run (Sep 16 onward); this date is recovered from repaired data/market-history.,data/market-history,VERIFIED_CONFIRMATIONS,true,true,false
2026-09-18,ASTRAL,NOT PRESENT (no usable original verdict),ACCUMULATION CONFIRMED,Date is after the original report's last recorded verdict (2026-09-03). The original run saw zero-filled delivery (Sep 4-15) or no stored run (Sep 16 onward); this date is recovered from repaired data/market-history.,data/market-history,VERIFIED_CONFIRMATIONS,true,true,false
2026-09-18,COLPAL,NOT PRESENT (no usable original verdict),ACCUMULATION CONFIRMED,Date is after the original report's last recorded verdict (2026-09-03). The original run saw zero-filled delivery (Sep 4-15) or no stored run (Sep 16 onward); this date is recovered from repaired data/market-history.,data/market-history,VERIFIED_CONFIRMATIONS,true,true,false
2026-09-18,INDUSINDBK,NOT PRESENT (no usable original verdict),ACCUMULATION CONFIRMED,Date is after the original report's last recorded verdict (2026-09-03). The original run saw zero-filled delivery (Sep 4-15) or no stored run (Sep 16 onward); this date is recovered from repaired data/market-history.,data/market-history,VERIFIED_CONFIRMATIONS,true,true,false
2026-09-18,IOC,NOT PRESENT (no usable original verdict),ACCUMULATION CONFIRMED,Date is after the original report's last recorded verdict (2026-09-03). The original run saw zero-filled delivery (Sep 4-15) or no stored run (Sep 16 onward); this date is recovered from repaired data/market-history.,data/market-history,VERIFIED_CONFIRMATIONS,true,true,false
2026-09-18,JSWENERGY,NOT PRESENT (no usable original verdict),ACCUMULATION CONFIRMED,Date is after the original report's last recorded verdict (2026-09-03). The original run saw zero-filled delivery (Sep 4-15) or no stored run (Sep 16 onward); this date is recovered from repaired data/market-history.,data/market-history,VERIFIED_CONFIRMATIONS,true,true,false
2026-09-18,NHPC,NOT PRESENT (no usable original verdict),ACCUMULATION CONFIRMED,Date is after the original report's last recorded verdict (2026-09-03). The original run saw zero-filled delivery (Sep 4-15) or no stored run (Sep 16 onward); this date is recovered from repaired data/market-history.,data/market-history,VERIFIED_CONFIRMATIONS,true,true,false
2026-09-18,RADICO,NOT PRESENT (no usable original verdict),ACCUMULATION CONFIRMED,Date is after the original report's last recorded verdict (2026-09-03). The original run saw zero-filled delivery (Sep 4-15) or no stored run (Sep 16 onward); this date is recovered from repaired data/market-history.,data/market-history,VERIFIED_CONFIRMATIONS,true,true,false
2026-09-18,UNOMINDA,NOT PRESENT (no usable original verdict),ACCUMULATION CONFIRMED,Date is after the original report's last recorded verdict (2026-09-03). The original run saw zero-filled delivery (Sep 4-15) or no stored run (Sep 16 onward); this date is recovered from repaired data/market-history.,data/market-history,VERIFIED_CONFIRMATIONS,true,true,false
2026-09-18,WAAREEENER,NOT PRESENT (no usable original verdict),ACCUMULATION CONFIRMED,Date is after the original report's last recorded verdict (2026-09-03). The original run saw zero-filled delivery (Sep 4-15) or no stored run (Sep 16 onward); this date is recovered from repaired data/market-history.,data/market-history,VERIFIED_CONFIRMATIONS,true,true,false
2026-09-18,WIPRO,NOT PRESENT (no usable original verdict),ACCUMULATION CONFIRMED,Date is after the original report's last recorded verdict (2026-09-03). The original run saw zero-filled delivery (Sep 4-15) or no stored run (Sep 16 onward); this date is recovered from repaired data/market-history.,data/market-history,VERIFIED_CONFIRMATIONS,true,true,false
2026-09-18,ZYDUSLIFE,NOT PRESENT (no usable original verdict),ACCUMULATION CONFIRMED,Date is after the original report's last recorded verdict (2026-09-03). The original run saw zero-filled delivery (Sep 4-15) or no stored run (Sep 16 onward); this date is recovered from repaired data/market-history.,data/market-history,VERIFIED_CONFIRMATIONS,true,true,false
2026-09-21,BAJAJHLDNG,NOT PRESENT (no usable original verdict),ACCUMULATION CONFIRMED,Date is after the original report's last recorded verdict (2026-09-03). The original run saw zero-filled delivery (Sep 4-15) or no stored run (Sep 16 onward); this date is recovered from repaired data/market-history.,data/market-history,VERIFIED_CONFIRMATIONS,true,true,false
2026-09-21,NAUKRI,NOT PRESENT (no usable original verdict),ACCUMULATION CONFIRMED,Date is after the original report's last recorded verdict (2026-09-03). The original run saw zero-filled delivery (Sep 4-15) or no stored run (Sep 16 onward); this date is recovered from repaired data/market-history.,data/market-history,VERIFIED_CONFIRMATIONS,true,true,false
2026-09-22,BPCL,NOT PRESENT (no usable original verdict),ACCUMULATION CONFIRMED,Date is after the original report's last recorded verdict (2026-09-03). The original run saw zero-filled delivery (Sep 4-15) or no stored run (Sep 16 onward); this date is recovered from repaired data/market-history.,data/market-history,VERIFIED_CONFIRMATIONS,true,true,false
2026-09-23,VMM,NOT PRESENT (no usable original verdict),ACCUMULATION CONFIRMED,Date is after the original report's last recorded verdict (2026-09-03). The original run saw zero-filled delivery (Sep 4-15) or no stored run (Sep 16 onward); this date is recovered from repaired data/market-history.,data/market-history,VERIFIED_CONFIRMATIONS,true,true,false
